{
  "Simple": {
    "precision": 0.2965,
    "recall": 0.36355,
    "f1": 0.3204,
    "rs_score": 0.0,
    "es_score": 0.39265,
    "mec_score": 0.0,
    "med_score": 0.0
  },
  "RAG": {
    "precision": 0.33165,
    "recall": 0.42125,
    "f1": 0.3711,
    "rs_score": 0.0,
    "es_score": 0.43115000000000003,
    "mec_score": 0.0,
    "med_score": 0.0
  },
  "Web": {
    "precision": 0.21265,
    "recall": 0.19355,
    "f1": 0.16545,
    "rs_score": 0.0,
    "es_score": 0.7747999999999999,
    "mec_score": 0.0,
    "med_score": 0.0
  }
}